"Id","name_clean","PAIS","perc_occ","threshold","cumple","RankcA1","NormcA1"
"1",8807,"Espeletia annemariana","COLOMBIA",0.277777777777778,0.18,"Yes",1,0.0434782608695652
"2",8954,"Espeletia annemariana","COLOMBIA",0.111111111111111,0.18,"Yes",3,0.130434782608696
"3",8960,"Espeletia annemariana","COLOMBIA",0.0555555555555556,0.18,"Yes",4,0.173913043478261
"4",9106,"Espeletia annemariana","COLOMBIA",0.166666666666667,0.18,"Yes",2,0.0869565217391304
"5",9721,"Espeletia annemariana","COLOMBIA",0.111111111111111,0.18,"Yes",3,0.130434782608696
"6",9722,"Espeletia annemariana","COLOMBIA",0.0555555555555556,0.18,"Yes",4,0.173913043478261
"7",9875,"Espeletia annemariana","COLOMBIA",0.166666666666667,0.18,"Yes",2,0.0869565217391304
"8",11240,"Espeletia annemariana","COLOMBIA",0.0555555555555556,0.18,"Yes",4,0.173913043478261
"9",8042,"Espeletia arbelaezii","COLOMBIA",0.03125,0.32,"Yes",5,0.113636363636364
"10",8498,"Espeletia arbelaezii","COLOMBIA",0.03125,0.32,"Yes",5,0.113636363636364
"11",8650,"Espeletia arbelaezii","COLOMBIA",0.15625,0.32,"Yes",3,0.0681818181818182
"12",8802,"Espeletia arbelaezii","COLOMBIA",0.0625,0.32,"Yes",4,0.0909090909090909
"13",8803,"Espeletia arbelaezii","COLOMBIA",0.3125,0.32,"Yes",1,0.0227272727272727
"14",9107,"Espeletia arbelaezii","COLOMBIA",0.0625,0.32,"Yes",4,0.0909090909090909
"15",9258,"Espeletia arbelaezii","COLOMBIA",0.03125,0.32,"Yes",5,0.113636363636364
"16",9408,"Espeletia arbelaezii","COLOMBIA",0.21875,0.32,"Yes",2,0.0454545454545455
"17",9412,"Espeletia arbelaezii","COLOMBIA",0.03125,0.32,"Yes",5,0.113636363636364
"18",9721,"Espeletia arbelaezii","COLOMBIA",0.03125,0.32,"Yes",5,0.113636363636364
"19",10325,"Espeletia arbelaezii","COLOMBIA",0.03125,0.32,"Yes",5,0.113636363636364
"20",2866,"Espeletia arborea","VENEZUELA",0.444444444444444,0.09,"Yes",1,0.125
"21",3779,"Espeletia arborea","VENEZUELA",0.222222222222222,0.09,"Yes",2,0.25
"22",4084,"Espeletia arborea","VENEZUELA",0.222222222222222,0.09,"Yes",2,0.25
"23",4842,"Espeletia arborea","VENEZUELA",0.111111111111111,0.09,"Yes",3,0.375
"24",9111,"Espeletia ariana","COLOMBIA",1,0.03,"Yes",1,1
"25",8802,"Espeletia azucarina","COLOMBIA",0.75,0.04,"Yes",1,0.333333333333333
"26",8954,"Espeletia azucarina","COLOMBIA",0.25,0.04,"Yes",2,0.666666666666667
"27",8960,"Espeletia betancurii","COLOMBIA",1,0.02,"Yes",1,1
"28",8802,"Espeletia brachyaxiantha","COLOMBIA",0.03125,0.32,"Yes",5,0.161290322580645
"29",8952,"Espeletia brachyaxiantha","COLOMBIA",0.03125,0.32,"Yes",5,0.161290322580645
"30",8954,"Espeletia brachyaxiantha","COLOMBIA",0.4375,0.32,"Yes",1,0.032258064516129
"31",9106,"Espeletia brachyaxiantha","COLOMBIA",0.125,0.32,"Yes",2,0.0645161290322581
"32",9107,"Espeletia brachyaxiantha","COLOMBIA",0.125,0.32,"Yes",2,0.0645161290322581
"33",9405,"Espeletia brachyaxiantha","COLOMBIA",0.03125,0.32,"Yes",5,0.161290322580645
"34",9416,"Espeletia brachyaxiantha","COLOMBIA",0.0625,0.32,"Yes",4,0.129032258064516
"35",9870,"Espeletia brachyaxiantha","COLOMBIA",0.0625,0.32,"Yes",4,0.129032258064516
"36",9875,"Espeletia brachyaxiantha","COLOMBIA",0.09375,0.32,"Yes",3,0.0967741935483871
"37",1305,"Espeletia brassicoidea","COLOMBIA",0.0256410256410256,0.39,"Yes",5,0.0714285714285714
"38",5894,"Espeletia brassicoidea","COLOMBIA",0.0256410256410256,0.39,"Yes",5,0.0714285714285714
"39",6512,"Espeletia brassicoidea","COLOMBIA",0.0256410256410256,0.39,"Yes",5,0.0714285714285714
"40",6512,"Espeletia brassicoidea","VENEZUELA",0.0256410256410256,0.39,"Yes",5,0.0714285714285714
"41",6662,"Espeletia brassicoidea","COLOMBIA",0.102564102564103,0.39,"Yes",3,0.0428571428571429
"42",6663,"Espeletia brassicoidea","COLOMBIA",0.0769230769230769,0.39,"Yes",4,0.0571428571428571
"43",6665,"Espeletia brassicoidea","COLOMBIA",0.153846153846154,0.39,"Yes",1,0.0142857142857143
"44",6665,"Espeletia brassicoidea","VENEZUELA",0.102564102564103,0.39,"Yes",3,0.0428571428571429
"45",6666,"Espeletia brassicoidea","COLOMBIA",0.0256410256410256,0.39,"Yes",5,0.0714285714285714
"46",6666,"Espeletia brassicoidea","VENEZUELA",0.0769230769230769,0.39,"Yes",4,0.0571428571428571
"47",6814,"Espeletia brassicoidea","COLOMBIA",0.0256410256410256,0.39,"Yes",5,0.0714285714285714
"48",6815,"Espeletia brassicoidea","COLOMBIA",0.128205128205128,0.39,"Yes",2,0.0285714285714286
"49",6816,"Espeletia brassicoidea","COLOMBIA",0.102564102564103,0.39,"Yes",3,0.0428571428571429
"50",6819,"Espeletia brassicoidea","COLOMBIA",0.0256410256410256,0.39,"Yes",5,0.0714285714285714
"51",6966,"Espeletia brassicoidea","COLOMBIA",0.0256410256410256,0.39,"Yes",5,0.0714285714285714
"52",6967,"Espeletia brassicoidea","COLOMBIA",0.0256410256410256,0.39,"Yes",5,0.0714285714285714
"53",7887,"Espeletia brassicoidea","COLOMBIA",0.0256410256410256,0.39,"Yes",5,0.0714285714285714
"54",12457,"Espeletia cabrerensis","COLOMBIA",1,0.05,"Yes",1,1
"55",9105,"Espeletia cachaluensis","COLOMBIA",0.142857142857143,0.07,"Yes",3,0.333333333333333
"56",9106,"Espeletia cachaluensis","COLOMBIA",0.428571428571429,0.07,"Yes",1,0.111111111111111
"57",9258,"Espeletia cachaluensis","COLOMBIA",0.285714285714286,0.07,"Yes",2,0.222222222222222
"58",9259,"Espeletia cachaluensis","COLOMBIA",0.142857142857143,0.07,"Yes",3,0.333333333333333
"59",6813,"Espeletia caldasii","COLOMBIA",0.0666666666666667,0.15,"Yes",3,0.272727272727273
"60",6966,"Espeletia caldasii","COLOMBIA",0.333333333333333,0.15,"Yes",1,0.0909090909090909
"61",6967,"Espeletia caldasii","COLOMBIA",0.0666666666666667,0.15,"Yes",3,0.272727272727273
"62",7119,"Espeletia caldasii","COLOMBIA",0.266666666666667,0.15,"Yes",2,0.181818181818182
"63",7120,"Espeletia caldasii","COLOMBIA",0.266666666666667,0.15,"Yes",2,0.181818181818182
"64",6660,"Espeletia canescens","COLOMBIA",1,0.02,"Yes",1,1
"65",6665,"Espeletia cardonae","VENEZUELA",0.125,0.08,"Yes",3,0.333333333333333
"66",6666,"Espeletia cardonae","COLOMBIA",0.5,0.08,"Yes",1,0.111111111111111
"67",6666,"Espeletia cardonae","VENEZUELA",0.25,0.08,"Yes",2,0.222222222222222
"68",6667,"Espeletia cardonae","VENEZUELA",0.125,0.08,"Yes",3,0.333333333333333
"69",8624,"Espeletia cayetana","COLOMBIA",0.0833333333333333,0.12,"Yes",3,0.2
"70",9561,"Espeletia cayetana","COLOMBIA",0.166666666666667,0.12,"Yes",2,0.133333333333333
"71",10319,"Espeletia cayetana","COLOMBIA",0.0833333333333333,0.12,"Yes",3,0.2
"72",10472,"Espeletia cayetana","COLOMBIA",0.0833333333333333,0.12,"Yes",3,0.2
"73",10623,"Espeletia cayetana","COLOMBIA",0.0833333333333333,0.12,"Yes",3,0.2
"74",10624,"Espeletia cayetana","COLOMBIA",0.5,0.12,"Yes",1,0.0666666666666667
"75",5751,"Espeletia chardonii","VENEZUELA",0.0263157894736842,0.38,"Yes",6,0.103448275862069
"76",6359,"Espeletia chardonii","VENEZUELA",0.0263157894736842,0.38,"Yes",6,0.103448275862069
"77",6510,"Espeletia chardonii","COLOMBIA",0.0263157894736842,0.38,"Yes",6,0.103448275862069
"78",6511,"Espeletia chardonii","COLOMBIA",0.105263157894737,0.38,"Yes",3,0.0517241379310345
"79",6512,"Espeletia chardonii","VENEZUELA",0.289473684210526,0.38,"Yes",1,0.0172413793103448
"80",6513,"Espeletia chardonii","VENEZUELA",0.0526315789473684,0.38,"Yes",5,0.0862068965517241
"81",6665,"Espeletia chardonii","COLOMBIA",0.131578947368421,0.38,"Yes",2,0.0344827586206897
"82",6665,"Espeletia chardonii","VENEZUELA",0.105263157894737,0.38,"Yes",3,0.0517241379310345
"83",6817,"Espeletia chardonii","COLOMBIA",0.0263157894736842,0.38,"Yes",6,0.103448275862069
"84",6971,"Espeletia chardonii","COLOMBIA",0.0263157894736842,0.38,"Yes",6,0.103448275862069
"85",7117,"Espeletia chardonii","COLOMBIA",0.0789473684210526,0.38,"Yes",4,0.0689655172413793
"86",7125,"Espeletia chardonii","COLOMBIA",0.0263157894736842,0.38,"Yes",6,0.103448275862069
"87",8031,"Espeletia chardonii","COLOMBIA",0.0789473684210526,0.38,"Yes",4,0.0689655172413793
"88",8349,"Espeletia chocontana","COLOMBIA",0.037037037037037,0.27,"Yes",4,0.181818181818182
"89",10319,"Espeletia chocontana","COLOMBIA",0.111111111111111,0.27,"Yes",2,0.0909090909090909
"90",10320,"Espeletia chocontana","COLOMBIA",0.222222222222222,0.27,"Yes",1,0.0454545454545455
"91",10321,"Espeletia chocontana","COLOMBIA",0.0740740740740741,0.27,"Yes",3,0.136363636363636
"92",10325,"Espeletia chocontana","COLOMBIA",0.222222222222222,0.27,"Yes",1,0.0454545454545455
"93",10472,"Espeletia chocontana","COLOMBIA",0.0740740740740741,0.27,"Yes",3,0.136363636363636
"94",10473,"Espeletia chocontana","COLOMBIA",0.0740740740740741,0.27,"Yes",3,0.136363636363636
"95",10477,"Espeletia chocontana","COLOMBIA",0.111111111111111,0.27,"Yes",2,0.0909090909090909
"96",10625,"Espeletia chocontana","COLOMBIA",0.0740740740740741,0.27,"Yes",3,0.136363636363636
"97",8192,"Espeletia cleefii","COLOMBIA",0.0344827586206897,0.29,"Yes",4,0.25
"98",8349,"Espeletia cleefii","COLOMBIA",0.275862068965517,0.29,"Yes",2,0.125
"99",8350,"Espeletia cleefii","COLOMBIA",0.310344827586207,0.29,"Yes",1,0.0625
"100",8502,"Espeletia cleefii","COLOMBIA",0.275862068965517,0.29,"Yes",2,0.125
"101",8503,"Espeletia cleefii","COLOMBIA",0.0689655172413793,0.29,"Yes",3,0.1875
"102",10167,"Espeletia cleefii","COLOMBIA",0.0344827586206897,0.29,"Yes",4,0.25
"103",5894,"Espeletia conglomerata","COLOMBIA",0.0263157894736842,0.76,"Yes",6,0.0645161290322581
"104",6507,"Espeletia conglomerata","COLOMBIA",0.0131578947368421,0.76,"Yes",7,0.0752688172043011
"105",6660,"Espeletia conglomerata","COLOMBIA",0.105263157894737,0.76,"Yes",3,0.032258064516129
"106",6662,"Espeletia conglomerata","COLOMBIA",0.0263157894736842,0.76,"Yes",6,0.0645161290322581
"107",6663,"Espeletia conglomerata","COLOMBIA",0.0263157894736842,0.76,"Yes",6,0.0645161290322581
"108",6665,"Espeletia conglomerata","COLOMBIA",0.0263157894736842,0.76,"Yes",6,0.0645161290322581
"109",6665,"Espeletia conglomerata","VENEZUELA",0.0263157894736842,0.76,"Yes",6,0.0645161290322581
"110",6813,"Espeletia conglomerata","COLOMBIA",0.263157894736842,0.76,"Yes",1,0.010752688172043
"111",6815,"Espeletia conglomerata","COLOMBIA",0.0131578947368421,0.76,"Yes",7,0.0752688172043011
"112",6816,"Espeletia conglomerata","COLOMBIA",0.0526315789473684,0.76,"Yes",5,0.053763440860215
"113",6966,"Espeletia conglomerata","COLOMBIA",0.0263157894736842,0.76,"Yes",6,0.0645161290322581
"114",7120,"Espeletia conglomerata","COLOMBIA",0.0131578947368421,0.76,"Yes",7,0.0752688172043011
"115",7121,"Espeletia conglomerata","COLOMBIA",0.0131578947368421,0.76,"Yes",7,0.0752688172043011
"116",7272,"Espeletia conglomerata","COLOMBIA",0.0131578947368421,0.76,"Yes",7,0.0752688172043011
"117",7273,"Espeletia conglomerata","COLOMBIA",0.0657894736842105,0.76,"Yes",4,0.043010752688172
"118",7274,"Espeletia conglomerata","COLOMBIA",0.0657894736842105,0.76,"Yes",4,0.043010752688172
"119",7427,"Espeletia conglomerata","COLOMBIA",0.105263157894737,0.76,"Yes",3,0.032258064516129
"120",7734,"Espeletia conglomerata","COLOMBIA",0.118421052631579,0.76,"Yes",2,0.021505376344086
"121",5894,"Espeletia diazii","COLOMBIA",1,0.02,"Yes",1,1
"122",8802,"Espeletia discoidea","COLOMBIA",0.4,0.05,"Yes",1,0.25
"123",8954,"Espeletia discoidea","COLOMBIA",0.2,0.05,"Yes",2,0.5
"124",8955,"Espeletia discoidea","COLOMBIA",0.4,0.05,"Yes",1,0.25
"125",1458,"Espeletia divisoriensis","COLOMBIA",0.166666666666667,0.06,"Yes",1,0.166666666666667
"126",1458,"Espeletia divisoriensis","VENEZUELA",0.166666666666667,0.06,"Yes",1,0.166666666666667
"127",1763,"Espeletia divisoriensis","COLOMBIA",0.166666666666667,0.06,"Yes",1,0.166666666666667
"128",2069,"Espeletia divisoriensis","COLOMBIA",0.166666666666667,0.06,"Yes",1,0.166666666666667
"129",2069,"Espeletia divisoriensis","VENEZUELA",0.166666666666667,0.06,"Yes",1,0.166666666666667
"130",6665,"Espeletia divisoriensis","COLOMBIA",0.166666666666667,0.06,"Yes",1,0.166666666666667
"131",7427,"Espeletia dugandii","COLOMBIA",0.230769230769231,0.13,"Yes",2,0.222222222222222
"132",7580,"Espeletia dugandii","COLOMBIA",0.153846153846154,0.13,"Yes",3,0.333333333333333
"133",7581,"Espeletia dugandii","COLOMBIA",0.461538461538462,0.13,"Yes",1,0.111111111111111
"134",7732,"Espeletia dugandii","COLOMBIA",0.153846153846154,0.13,"Yes",3,0.333333333333333
"135",9112,"Espeletia episcopalis","COLOMBIA",1,0.01,"Yes",1,1
"136",6813,"Espeletia estanislana","COLOMBIA",0.0666666666666667,0.15,"Yes",4,0.285714285714286
"137",6966,"Espeletia estanislana","COLOMBIA",0.0666666666666667,0.15,"Yes",4,0.285714285714286
"138",7120,"Espeletia estanislana","COLOMBIA",0.133333333333333,0.15,"Yes",3,0.214285714285714
"139",7274,"Espeletia estanislana","COLOMBIA",0.2,0.15,"Yes",2,0.142857142857143
"140",7427,"Espeletia estanislana","COLOMBIA",0.533333333333333,0.15,"Yes",1,0.0714285714285714
"141",9112,"Espeletia formosa","COLOMBIA",1,0.03,"Yes",1,1
"142",6660,"Espeletia funckii","COLOMBIA",0.307692307692308,0.13,"Yes",1,0.0769230769230769
"143",6813,"Espeletia funckii","COLOMBIA",0.307692307692308,0.13,"Yes",1,0.0769230769230769
"144",6814,"Espeletia funckii","COLOMBIA",0.153846153846154,0.13,"Yes",2,0.153846153846154
"145",6966,"Espeletia funckii","COLOMBIA",0.0769230769230769,0.13,"Yes",3,0.230769230769231
"146",7120,"Espeletia funckii","COLOMBIA",0.0769230769230769,0.13,"Yes",3,0.230769230769231
"147",7887,"Espeletia funckii","COLOMBIA",0.0769230769230769,0.13,"Yes",3,0.230769230769231
"148",9407,"Espeletia garciae","COLOMBIA",0.0833333333333333,0.36,"Yes",3,0.176470588235294
"149",9408,"Espeletia garciae","COLOMBIA",0.611111111111111,0.36,"Yes",1,0.0588235294117647
"150",9560,"Espeletia garciae","COLOMBIA",0.0833333333333333,0.36,"Yes",3,0.176470588235294
"151",9561,"Espeletia garciae","COLOMBIA",0.166666666666667,0.36,"Yes",2,0.117647058823529
"152",10472,"Espeletia garciae","COLOMBIA",0.0277777777777778,0.36,"Yes",4,0.235294117647059
"153",11086,"Espeletia garciae","COLOMBIA",0.0277777777777778,0.36,"Yes",4,0.235294117647059
"154",6662,"Espeletia glandulosa","COLOMBIA",0.0126582278481013,0.79,"Yes",9,0.0681818181818182
"155",8345,"Espeletia glandulosa","COLOMBIA",0.0506329113924051,0.79,"Yes",6,0.0454545454545455
"156",8497,"Espeletia glandulosa","COLOMBIA",0.0379746835443038,0.79,"Yes",7,0.053030303030303
"157",8498,"Espeletia glandulosa","COLOMBIA",0.0126582278481013,0.79,"Yes",9,0.0681818181818182
"158",8650,"Espeletia glandulosa","COLOMBIA",0.0253164556962025,0.79,"Yes",8,0.0606060606060606
"159",8651,"Espeletia glandulosa","COLOMBIA",0.0506329113924051,0.79,"Yes",6,0.0454545454545455
"160",8803,"Espeletia glandulosa","COLOMBIA",0.151898734177215,0.79,"Yes",1,0.00757575757575758
"161",8955,"Espeletia glandulosa","COLOMBIA",0.0126582278481013,0.79,"Yes",9,0.0681818181818182
"162",9105,"Espeletia glandulosa","COLOMBIA",0.0379746835443038,0.79,"Yes",7,0.053030303030303
"163",9106,"Espeletia glandulosa","COLOMBIA",0.139240506329114,0.79,"Yes",2,0.0151515151515152
"164",9107,"Espeletia glandulosa","COLOMBIA",0.0379746835443038,0.79,"Yes",7,0.053030303030303
"165",9108,"Espeletia glandulosa","COLOMBIA",0.0759493670886076,0.79,"Yes",5,0.0378787878787879
"166",9258,"Espeletia glandulosa","COLOMBIA",0.0886075949367089,0.79,"Yes",4,0.0303030303030303
"167",9259,"Espeletia glandulosa","COLOMBIA",0.0253164556962025,0.79,"Yes",8,0.0606060606060606
"168",9407,"Espeletia glandulosa","COLOMBIA",0.0126582278481013,0.79,"Yes",9,0.0681818181818182
"169",9408,"Espeletia glandulosa","COLOMBIA",0.113924050632911,0.79,"Yes",3,0.0227272727272727
"170",9409,"Espeletia glandulosa","COLOMBIA",0.0126582278481013,0.79,"Yes",9,0.0681818181818182
"171",9560,"Espeletia glandulosa","COLOMBIA",0.0759493670886076,0.79,"Yes",5,0.0378787878787879
"172",9561,"Espeletia glandulosa","COLOMBIA",0.0126582278481013,0.79,"Yes",9,0.0681818181818182
"173",10934,"Espeletia glandulosa","COLOMBIA",0.0126582278481013,0.79,"Yes",9,0.0681818181818182
"174",13662,"Espeletia idroboi","COLOMBIA",0.0833333333333333,0.12,"Yes",3,0.333333333333333
"175",15189,"Espeletia idroboi","COLOMBIA",0.333333333333333,0.12,"Yes",2,0.222222222222222
"176",15798,"Espeletia idroboi","COLOMBIA",0.0833333333333333,0.12,"Yes",3,0.333333333333333
"177",15951,"Espeletia idroboi","COLOMBIA",0.5,0.12,"Yes",1,0.111111111111111
"178",8953,"Espeletia incana","COLOMBIA",0.0357142857142857,0.28,"Yes",4,0.137931034482759
"179",8954,"Espeletia incana","COLOMBIA",0.0357142857142857,0.28,"Yes",4,0.137931034482759
"180",9105,"Espeletia incana","COLOMBIA",0.107142857142857,0.28,"Yes",2,0.0689655172413793
"181",9106,"Espeletia incana","COLOMBIA",0.392857142857143,0.28,"Yes",1,0.0344827586206897
"182",9107,"Espeletia incana","COLOMBIA",0.0714285714285714,0.28,"Yes",3,0.103448275862069
"183",9258,"Espeletia incana","COLOMBIA",0.107142857142857,0.28,"Yes",2,0.0689655172413793
"184",9259,"Espeletia incana","COLOMBIA",0.0357142857142857,0.28,"Yes",4,0.137931034482759
"185",9260,"Espeletia incana","COLOMBIA",0.0357142857142857,0.28,"Yes",4,0.137931034482759
"186",9561,"Espeletia incana","COLOMBIA",0.0714285714285714,0.28,"Yes",3,0.103448275862069
"187",9568,"Espeletia incana","COLOMBIA",0.107142857142857,0.28,"Yes",2,0.0689655172413793
"188",7121,"Espeletia insignis","COLOMBIA",0.25,0.04,"Yes",2,0.666666666666667
"189",7274,"Espeletia insignis","COLOMBIA",0.75,0.04,"Yes",1,0.333333333333333
"190",8958,"Espeletia jaramilloi","COLOMBIA",0.0769230769230769,0.13,"Yes",4,0.181818181818182
"191",8959,"Espeletia jaramilloi","COLOMBIA",0.307692307692308,0.13,"Yes",1,0.0454545454545455
"192",9110,"Espeletia jaramilloi","COLOMBIA",0.153846153846154,0.13,"Yes",3,0.136363636363636
"193",9111,"Espeletia jaramilloi","COLOMBIA",0.0769230769230769,0.13,"Yes",4,0.181818181818182
"194",9263,"Espeletia jaramilloi","COLOMBIA",0.230769230769231,0.13,"Yes",2,0.0909090909090909
"195",9264,"Espeletia jaramilloi","COLOMBIA",0.0769230769230769,0.13,"Yes",4,0.181818181818182
"196",9568,"Espeletia jaramilloi","COLOMBIA",0.0769230769230769,0.13,"Yes",4,0.181818181818182
"197",8039,"Espeletia jimenez-quesadae","COLOMBIA",0.0384615384615385,0.26,"Yes",5,0.108695652173913
"198",8041,"Espeletia jimenez-quesadae","COLOMBIA",0.0769230769230769,0.26,"Yes",4,0.0869565217391304
"199",8195,"Espeletia jimenez-quesadae","COLOMBIA",0.115384615384615,0.26,"Yes",3,0.0652173913043478
"200",8196,"Espeletia jimenez-quesadae","COLOMBIA",0.192307692307692,0.26,"Yes",1,0.0217391304347826
"201",8347,"Espeletia jimenez-quesadae","COLOMBIA",0.0384615384615385,0.26,"Yes",5,0.108695652173913
"202",8348,"Espeletia jimenez-quesadae","COLOMBIA",0.153846153846154,0.26,"Yes",2,0.0434782608695652
"203",8349,"Espeletia jimenez-quesadae","COLOMBIA",0.153846153846154,0.26,"Yes",2,0.0434782608695652
"204",8650,"Espeletia jimenez-quesadae","COLOMBIA",0.0769230769230769,0.26,"Yes",4,0.0869565217391304
"205",9106,"Espeletia jimenez-quesadae","COLOMBIA",0.0384615384615385,0.26,"Yes",5,0.108695652173913
"206",9258,"Espeletia jimenez-quesadae","COLOMBIA",0.0384615384615385,0.26,"Yes",5,0.108695652173913
"207",9561,"Espeletia jimenez-quesadae","COLOMBIA",0.0384615384615385,0.26,"Yes",5,0.108695652173913
"208",9720,"Espeletia jimenez-quesadae","COLOMBIA",0.0384615384615385,0.26,"Yes",5,0.108695652173913
"209",2866,"Espeletia liscanoana","VENEZUELA",0.928571428571429,0.14,"Yes",1,0.333333333333333
"210",5141,"Espeletia liscanoana","VENEZUELA",0.0714285714285714,0.14,"Yes",2,0.666666666666667
"211",4538,"Espeletia lucida","VENEZUELA",0.444444444444444,0.09,"Yes",2,0.666666666666667
"212",4539,"Espeletia lucida","VENEZUELA",0.555555555555556,0.09,"Yes",1,0.333333333333333
"213",12458,"Espeletia miradorensis","COLOMBIA",1,0.01,"Yes",1,1
"214",8651,"Espeletia nemekenei","COLOMBIA",0.0526315789473684,0.19,"Yes",3,0.136363636363636
"215",8810,"Espeletia nemekenei","COLOMBIA",0.0526315789473684,0.19,"Yes",3,0.136363636363636
"216",8954,"Espeletia nemekenei","COLOMBIA",0.263157894736842,0.19,"Yes",1,0.0454545454545455
"217",9106,"Espeletia nemekenei","COLOMBIA",0.157894736842105,0.19,"Yes",2,0.0909090909090909
"218",9107,"Espeletia nemekenei","COLOMBIA",0.0526315789473684,0.19,"Yes",3,0.136363636363636
"219",9258,"Espeletia nemekenei","COLOMBIA",0.157894736842105,0.19,"Yes",2,0.0909090909090909
"220",9408,"Espeletia nemekenei","COLOMBIA",0.157894736842105,0.19,"Yes",2,0.0909090909090909
"221",9720,"Espeletia nemekenei","COLOMBIA",0.0526315789473684,0.19,"Yes",3,0.136363636363636
"222",10480,"Espeletia nemekenei","COLOMBIA",0.0526315789473684,0.19,"Yes",3,0.136363636363636
"223",9720,"Espeletia oswaldiana","COLOMBIA",0.0909090909090909,0.11,"Yes",3,0.5
"224",9872,"Espeletia oswaldiana","COLOMBIA",0.181818181818182,0.11,"Yes",2,0.333333333333333
"225",9874,"Espeletia oswaldiana","COLOMBIA",0.727272727272727,0.11,"Yes",1,0.166666666666667
"226",9258,"Espeletia paipana","COLOMBIA",1,0.05,"Yes",1,1
"227",1305,"Espeletia perijaensis","COLOMBIA",0.227272727272727,0.22,"Yes",2,0.0689655172413793
"228",1305,"Espeletia perijaensis","VENEZUELA",0.0454545454545455,0.22,"Yes",5,0.172413793103448
"229",1457,"Espeletia perijaensis","COLOMBIA",0.136363636363636,0.22,"Yes",3,0.103448275862069
"230",1458,"Espeletia perijaensis","COLOMBIA",0.318181818181818,0.22,"Yes",1,0.0344827586206897
"231",1458,"Espeletia perijaensis","VENEZUELA",0.0909090909090909,0.22,"Yes",4,0.137931034482759
"232",1610,"Espeletia perijaensis","COLOMBIA",0.0909090909090909,0.22,"Yes",4,0.137931034482759
"233",2069,"Espeletia perijaensis","COLOMBIA",0.0454545454545455,0.22,"Yes",5,0.172413793103448
"234",2069,"Espeletia perijaensis","VENEZUELA",0.0454545454545455,0.22,"Yes",5,0.172413793103448
"235",9405,"Espeletia pescana","COLOMBIA",0.0384615384615385,0.26,"Yes",4,0.19047619047619
"236",9416,"Espeletia pescana","COLOMBIA",0.0769230769230769,0.26,"Yes",3,0.142857142857143
"237",9568,"Espeletia pescana","COLOMBIA",0.423076923076923,0.26,"Yes",1,0.0476190476190476
"238",9717,"Espeletia pescana","COLOMBIA",0.0769230769230769,0.26,"Yes",3,0.142857142857143
"239",9721,"Espeletia pescana","COLOMBIA",0.0384615384615385,0.26,"Yes",4,0.19047619047619
"240",9870,"Espeletia pescana","COLOMBIA",0.307692307692308,0.26,"Yes",2,0.0952380952380952
"241",9875,"Espeletia pescana","COLOMBIA",0.0384615384615385,0.26,"Yes",4,0.19047619047619
"242",8959,"Espeletia pulcherrima","COLOMBIA",0.5,0.02,"Yes",1,0.5
"243",8960,"Espeletia pulcherrima","COLOMBIA",0.5,0.02,"Yes",1,0.5
"244",4538,"Espeletia purpurascens","VENEZUELA",0.0588235294117647,0.17,"Yes",4,0.222222222222222
"245",6359,"Espeletia purpurascens","VENEZUELA",0.235294117647059,0.17,"Yes",1,0.0555555555555556
"246",6511,"Espeletia purpurascens","COLOMBIA",0.117647058823529,0.17,"Yes",3,0.166666666666667
"247",6512,"Espeletia purpurascens","COLOMBIA",0.0588235294117647,0.17,"Yes",4,0.222222222222222
"248",6665,"Espeletia purpurascens","COLOMBIA",0.117647058823529,0.17,"Yes",3,0.166666666666667
"249",6665,"Espeletia purpurascens","VENEZUELA",0.235294117647059,0.17,"Yes",1,0.0555555555555556
"250",6666,"Espeletia purpurascens","VENEZUELA",0.176470588235294,0.17,"Yes",2,0.111111111111111
"251",10018,"Espeletia raquirensis","COLOMBIA",1,0.07,"Yes",1,1
"252",5738,"Espeletia roberti","COLOMBIA",0.631578947368421,0.19,"Yes",1,0.111111111111111
"253",6813,"Espeletia roberti","COLOMBIA",0.263157894736842,0.19,"Yes",2,0.222222222222222
"254",10611,"Espeletia roberti","COLOMBIA",0.0526315789473684,0.19,"Yes",3,0.333333333333333
"255",10916,"Espeletia roberti","COLOMBIA",0.0526315789473684,0.19,"Yes",3,0.333333333333333
"256",6966,"Espeletia rositae","COLOMBIA",0.2,0.15,"Yes",1,0.0476190476190476
"257",7427,"Espeletia rositae","COLOMBIA",0.0666666666666667,0.15,"Yes",3,0.142857142857143
"258",8495,"Espeletia rositae","COLOMBIA",0.0666666666666667,0.15,"Yes",3,0.142857142857143
"259",8650,"Espeletia rositae","COLOMBIA",0.0666666666666667,0.15,"Yes",3,0.142857142857143
"260",8801,"Espeletia rositae","COLOMBIA",0.0666666666666667,0.15,"Yes",3,0.142857142857143
"261",8802,"Espeletia rositae","COLOMBIA",0.2,0.15,"Yes",1,0.0476190476190476
"262",8803,"Espeletia rositae","COLOMBIA",0.133333333333333,0.15,"Yes",2,0.0952380952380952
"263",9568,"Espeletia rositae","COLOMBIA",0.133333333333333,0.15,"Yes",2,0.0952380952380952
"264",10916,"Espeletia rositae","COLOMBIA",0.0666666666666667,0.15,"Yes",3,0.142857142857143
"265",6661,"Espeletia sanchezii","COLOMBIA",0.0769230769230769,0.13,"Yes",2,0.4
"266",6663,"Espeletia sanchezii","COLOMBIA",0.846153846153846,0.13,"Yes",1,0.2
"267",6816,"Espeletia sanchezii","COLOMBIA",0.0769230769230769,0.13,"Yes",2,0.4
"268",16866,"Espeletia schultesiana","COLOMBIA",0.08,0.25,"Yes",4,0.137931034482759
"269",17014,"Espeletia schultesiana","COLOMBIA",0.04,0.25,"Yes",5,0.172413793103448
"270",17018,"Espeletia schultesiana","COLOMBIA",0.36,0.25,"Yes",1,0.0344827586206897
"271",17019,"Espeletia schultesiana","COLOMBIA",0.08,0.25,"Yes",4,0.137931034482759
"272",17170,"Espeletia schultesiana","COLOMBIA",0.04,0.25,"Yes",5,0.172413793103448
"273",17323,"Espeletia schultesiana","COLOMBIA",0.04,0.25,"Yes",5,0.172413793103448
"274",17475,"Espeletia schultesiana","COLOMBIA",0.16,0.25,"Yes",3,0.103448275862069
"275",17476,"Espeletia schultesiana","COLOMBIA",0.2,0.25,"Yes",2,0.0689655172413793
"276",7274,"Espeletia sclerophylla","COLOMBIA",0.0909090909090909,0.11,"Yes",3,0.272727272727273
"277",7275,"Espeletia sclerophylla","COLOMBIA",0.0909090909090909,0.11,"Yes",3,0.272727272727273
"278",7427,"Espeletia sclerophylla","COLOMBIA",0.454545454545455,0.11,"Yes",1,0.0909090909090909
"279",7581,"Espeletia sclerophylla","COLOMBIA",0.181818181818182,0.11,"Yes",2,0.181818181818182
"280",9866,"Espeletia sclerophylla","COLOMBIA",0.181818181818182,0.11,"Yes",2,0.181818181818182
"281",4840,"Espeletia spectabilis","VENEZUELA",0.0476190476190476,0.21,"Yes",3,0.272727272727273
"282",4842,"Espeletia spectabilis","VENEZUELA",0.0952380952380952,0.21,"Yes",2,0.181818181818182
"283",4993,"Espeletia spectabilis","VENEZUELA",0.0476190476190476,0.21,"Yes",3,0.272727272727273
"284",4994,"Espeletia spectabilis","VENEZUELA",0.0952380952380952,0.21,"Yes",2,0.181818181818182
"285",4995,"Espeletia spectabilis","VENEZUELA",0.714285714285714,0.21,"Yes",1,0.0909090909090909
"286",6663,"Espeletia standleyana","COLOMBIA",0.210526315789474,0.19,"Yes",2,0.0952380952380952
"287",6814,"Espeletia standleyana","COLOMBIA",0.157894736842105,0.19,"Yes",3,0.142857142857143
"288",6966,"Espeletia standleyana","COLOMBIA",0.315789473684211,0.19,"Yes",1,0.0476190476190476
"289",7118,"Espeletia standleyana","COLOMBIA",0.0526315789473684,0.19,"Yes",4,0.19047619047619
"290",7273,"Espeletia standleyana","COLOMBIA",0.0526315789473684,0.19,"Yes",4,0.19047619047619
"291",7274,"Espeletia standleyana","COLOMBIA",0.0526315789473684,0.19,"Yes",4,0.19047619047619
"292",7427,"Espeletia standleyana","COLOMBIA",0.157894736842105,0.19,"Yes",3,0.142857142857143
"293",6359,"Espeletia steyermarkii","VENEZUELA",0.333333333333333,0.09,"Yes",1,0.142857142857143
"294",6665,"Espeletia steyermarkii","VENEZUELA",0.222222222222222,0.09,"Yes",2,0.285714285714286
"295",6667,"Espeletia steyermarkii","VENEZUELA",0.222222222222222,0.09,"Yes",2,0.285714285714286
"296",7121,"Espeletia steyermarkii","COLOMBIA",0.222222222222222,0.09,"Yes",2,0.285714285714286
"297",11847,"Espeletia summapacis","COLOMBIA",0.3,0.2,"Yes",2,0.111111111111111
"298",12153,"Espeletia summapacis","COLOMBIA",0.2,0.2,"Yes",3,0.166666666666667
"299",12306,"Espeletia summapacis","COLOMBIA",0.35,0.2,"Yes",1,0.0555555555555556
"300",12458,"Espeletia summapacis","COLOMBIA",0.05,0.2,"Yes",4,0.222222222222222
"301",12460,"Espeletia summapacis","COLOMBIA",0.05,0.2,"Yes",4,0.222222222222222
"302",12764,"Espeletia summapacis","COLOMBIA",0.05,0.2,"Yes",4,0.222222222222222
"303",6359,"Espeletia tamana","VENEZUELA",0.3125,0.16,"Yes",2,0.142857142857143
"304",6511,"Espeletia tamana","COLOMBIA",0.375,0.16,"Yes",1,0.0714285714285714
"305",6665,"Espeletia tamana","COLOMBIA",0.0625,0.16,"Yes",4,0.285714285714286
"306",6666,"Espeletia tamana","VENEZUELA",0.1875,0.16,"Yes",3,0.214285714285714
"307",8503,"Espeletia tamana","COLOMBIA",0.0625,0.16,"Yes",4,0.285714285714286
"308",9105,"Espeletia tibamoensis","COLOMBIA",0.5,0.02,"Yes",1,0.5
"309",9870,"Espeletia tibamoensis","COLOMBIA",0.5,0.02,"Yes",1,0.5
"310",2713,"Espeletia trujillensis","VENEZUELA",0.0588235294117647,0.17,"Yes",4,0.153846153846154
"311",2865,"Espeletia trujillensis","VENEZUELA",0.0588235294117647,0.17,"Yes",4,0.153846153846154
"312",2866,"Espeletia trujillensis","VENEZUELA",0.0588235294117647,0.17,"Yes",4,0.153846153846154
"313",3170,"Espeletia trujillensis","VENEZUELA",0.117647058823529,0.17,"Yes",3,0.115384615384615
"314",3171,"Espeletia trujillensis","VENEZUELA",0.0588235294117647,0.17,"Yes",4,0.153846153846154
"315",3322,"Espeletia trujillensis","VENEZUELA",0.0588235294117647,0.17,"Yes",4,0.153846153846154
"316",3324,"Espeletia trujillensis","VENEZUELA",0.352941176470588,0.17,"Yes",1,0.0384615384615385
"317",3477,"Espeletia trujillensis","VENEZUELA",0.235294117647059,0.17,"Yes",2,0.0769230769230769
"318",9107,"Espeletia tunjana","COLOMBIA",0.0851063829787234,0.47,"Yes",4,0.0615384615384615
"319",9257,"Espeletia tunjana","COLOMBIA",0.0425531914893617,0.47,"Yes",5,0.0769230769230769
"320",9258,"Espeletia tunjana","COLOMBIA",0.0212765957446809,0.47,"Yes",6,0.0923076923076923
"321",9260,"Espeletia tunjana","COLOMBIA",0.0851063829787234,0.47,"Yes",4,0.0615384615384615
"322",9408,"Espeletia tunjana","COLOMBIA",0.127659574468085,0.47,"Yes",2,0.0307692307692308
"323",9411,"Espeletia tunjana","COLOMBIA",0.0212765957446809,0.47,"Yes",6,0.0923076923076923
"324",9412,"Espeletia tunjana","COLOMBIA",0.0212765957446809,0.47,"Yes",6,0.0923076923076923
"325",9565,"Espeletia tunjana","COLOMBIA",0.0425531914893617,0.47,"Yes",5,0.0769230769230769
"326",9715,"Espeletia tunjana","COLOMBIA",0.0212765957446809,0.47,"Yes",6,0.0923076923076923
"327",9717,"Espeletia tunjana","COLOMBIA",0.148936170212766,0.47,"Yes",1,0.0153846153846154
"328",9720,"Espeletia tunjana","COLOMBIA",0.0425531914893617,0.47,"Yes",5,0.0769230769230769
"329",9721,"Espeletia tunjana","COLOMBIA",0.127659574468085,0.47,"Yes",2,0.0307692307692308
"330",9870,"Espeletia tunjana","COLOMBIA",0.0851063829787234,0.47,"Yes",4,0.0615384615384615
"331",9873,"Espeletia tunjana","COLOMBIA",0.106382978723404,0.47,"Yes",3,0.0461538461538461
"332",9874,"Espeletia tunjana","COLOMBIA",0.0212765957446809,0.47,"Yes",6,0.0923076923076923
"333",8953,"Espeletiopsis laxiflora","COLOMBIA",1,0.01,"Yes",1,1
"334",9866,"Espeletiopsis rabanalensis","COLOMBIA",0.05,0.2,"Yes",4,0.117647058823529
"335",10016,"Espeletiopsis rabanalensis","COLOMBIA",0.05,0.2,"Yes",4,0.117647058823529
"336",10017,"Espeletiopsis rabanalensis","COLOMBIA",0.05,0.2,"Yes",4,0.117647058823529
"337",10018,"Espeletiopsis rabanalensis","COLOMBIA",0.3,0.2,"Yes",1,0.0294117647058824
"338",10019,"Espeletiopsis rabanalensis","COLOMBIA",0.05,0.2,"Yes",4,0.117647058823529
"339",10170,"Espeletiopsis rabanalensis","COLOMBIA",0.15,0.2,"Yes",3,0.0882352941176471
"340",10322,"Espeletiopsis rabanalensis","COLOMBIA",0.05,0.2,"Yes",4,0.117647058823529
"341",10324,"Espeletiopsis rabanalensis","COLOMBIA",0.05,0.2,"Yes",4,0.117647058823529
"342",10325,"Espeletiopsis rabanalensis","COLOMBIA",0.2,0.2,"Yes",2,0.0588235294117647
"343",10326,"Espeletiopsis rabanalensis","COLOMBIA",0.05,0.2,"Yes",4,0.117647058823529
